individual_id	rs13266634	rs1801282	rs4402960	rs5219	rs7903146
1	CA	AA	AA	TT	AA
2	CA	GA	AA	TT	AA
3	CC	AA	AA	TT	AA
4	AA	GG	AA	TT	TT
5	CA	AA	AA	AT	AA
6	CA	GA	AA	TT	AA
7	CC	AA	AA	AT	TA
8	AA	AA	AA	TT	AA
9	AA	GA	GG	TT	TA
10	CA	GA	GA	AT	AA
11	CA	GA	GA	TT	AA
12	CA	AA	GA	AT	TA
13	CA	GA	GA	TT	TA
14	CA	AA	AA	AT	TA
15	AA	GA	AA	TT	AA
16	CA	GA	GA	AT	TT
17	AA	GA	AA	AA	TA
18	AA	AA	AA	AT	TA
19	CA	AA	AA	AT	TA
20	CC	AA	AA	AA	TA
21	CA	GA	AA	TT	AA
22	AA	AA	GA	TT	AA
23	AA	AA	GA	TT	TA
24	AA	AA	AA	TT	TA
25	CA	GA	AA	TT	AA
26	CA	GG	AA	AT	AA
27	AA	GA	GA	AT	AA
28	CA	AA	AA	TT	AA
29	AA	GA	AA	AT	AA
30	AA	GA	AA	TT	AA
31	CA	AA	AA	AT	TA
32	CC	AA	GA	TT	AA
33	AA	GA	AA	TT	AA
34	CA	GG	AA	AT	AA
35	AA	GG	GG	AT	AA
36	CC	GA	AA	TT	TA
37	AA	AA	GA	TT	TA
38	CA	AA	AA	TT	AA
39	AA	GA	AA	AT	TA
40	CA	GA	GG	AT	TA
41	CC	AA	GA	AT	TA
42	AA	AA	AA	AT	TT
43	CC	GA	GA	TT	AA
44	AA	GA	AA	AT	AA
45	CA	AA	AA	AT	AA
46	AA	AA	AA	AT	AA
47	CA	GA	GG	TT	TA
48	AA	GA	GA	AT	TA
49	AA	GA	GA	TT	AA
50	CA	AA	GA	AT	TA
51	AA	AA	AA	TT	TA
52	CA	AA	AA	TT	TT
53	AA	GA	AA	AA	TA
54	CA	GA	GG	TT	AA
55	CA	AA	AA	AT	AA
56	AA	AA	AA	TT	AA
57	CA	AA	GG	TT	TA
58	AA	AA	GA	AT	TA
59	AA	GA	GA	TT	TA
60	AA	GA	AA	TT	TA
61	CA	AA	GG	AT	AA
62	CC	GA	AA	AA	TA
63	AA	GA	GG	AA	AA
64	AA	GA	AA	TT	TA
65	CA	GA	GA	AA	TA
66	CA	AA	GA	TT	TA
67	AA	AA	AA	AA	TA
68	CA	GA	AA	AT	AA
69	AA	GA	GG	AT	TA
70	AA	AA	AA	AT	TT
71	AA	GG	AA	AT	AA
72	AA	GA	GA	AT	AA
73	AA	AA	GA	TT	TA
74	AA	AA	AA	AT	TA
75	CA	GA	AA	TT	AA
76	AA	AA	GA	TT	TA
77	AA	GA	AA	TT	AA
78	CA	AA	AA	AT	AA
79	CC	GA	AA	AT	TT
80	CA	GA	GG	AT	AA
81	AA	AA	AA	AT	TA
82	CC	GA	AA	AT	TA
83	CA	GA	GA	AA	TT
84	AA	GA	GA	AA	TA
85	AA	AA	GA	AT	AA
86	CA	AA	AA	AA	TA
87	AA	AA	AA	AT	TA
88	CA	AA	AA	AT	TA
89	CA	AA	GG	TT	TA
90	AA	AA	AA	TT	TA
91	AA	AA	GA	AT	TA
92	AA	AA	AA	AA	TA
93	CA	GA	AA	AT	TA
94	CA	GA	AA	AT	TA
95	AA	AA	AA	TT	TA
96	CA	AA	AA	TT	AA
97	CA	GA	GA	AT	TT
98	AA	GA	AA	TT	AA
99	AA	AA	GA	TT	TA
100	CA	GA	GA	AT	TA
101	CA	GA	AA	TT	TA
102	CA	AA	GA	AA	AA
103	AA	GA	AA	TT	TA
104	AA	GA	AA	AT	AA
105	CC	GA	AA	AA	AA
106	CA	AA	GG	TT	TA
107	CA	GA	GA	TT	TT
108	AA	AA	AA	TT	TA
109	AA	AA	AA	TT	TT
110	CA	AA	GA	TT	TT
111	AA	GA	AA	AT	AA
112	AA	GA	AA	AT	TA
113	CA	GA	AA	TT	AA
114	AA	AA	AA	TT	AA
115	AA	GG	GA	AT	AA
116	AA	GA	GA	TT	TA
117	AA	AA	GG	AT	TA
118	AA	GG	GG	AA	TA
119	CA	AA	AA	TT	AA
120	AA	GA	GA	AT	AA
121	AA	GA	GG	TT	TA
122	CA	GA	AA	AT	TA
123	CA	GA	GA	TT	TA
124	AA	AA	GA	TT	TA
125	AA	AA	AA	TT	TA
126	CA	AA	GA	TT	AA
127	AA	GA	AA	AT	TT
128	AA	GA	AA	AT	AA
129	CA	AA	GA	TT	AA
130	CA	AA	AA	TT	TA
131	AA	AA	GA	AT	TA
132	AA	GA	GA	AT	TT
133	CA	AA	GA	AT	TA
134	AA	AA	AA	AT	TA
135	AA	GA	GG	TT	TA
136	CA	AA	GA	TT	AA
137	CA	GA	AA	AA	TA
138	CA	AA	AA	TT	AA
139	AA	GG	GA	TT	AA
140	AA	GA	AA	AA	TA
141	CA	GA	GG	AA	TA
142	AA	GA	GG	AA	TA
143	CA	AA	GA	TT	TA
144	AA	GA	GA	TT	TA
145	CA	AA	AA	AA	AA
146	CA	AA	AA	TT	AA
147	CA	GA	GA	AT	TA
148	CA	GA	GA	TT	AA
149	AA	AA	GA	AA	TT
150	CA	AA	AA	TT	TT
151	CA	AA	AA	TT	TA
152	CA	GA	GA	AA	AA
153	AA	GA	GA	AT	AA
154	AA	AA	AA	AT	AA
155	AA	GA	GA	AT	AA
156	AA	GA	AA	AT	TA
157	CA	GA	AA	TT	TA
158	CA	GA	GA	AA	TA
159	AA	GA	GA	TT	AA
160	CA	GA	GA	AT	AA
161	AA	AA	GA	AT	TT
162	AA	AA	AA	AT	AA
163	CA	AA	AA	AT	TA
164	AA	GA	AA	AT	TA
165	CA	GG	GG	AT	TA
166	CA	GA	AA	TT	AA
167	AA	GA	AA	TT	AA
168	AA	AA	GA	AA	TA
169	CA	GA	AA	AT	TA
170	AA	AA	GA	AT	AA
171	AA	AA	AA	AA	AA
172	CA	GA	GA	AT	AA
173	AA	AA	GA	AT	AA
174	CA	GA	AA	AT	AA
175	CA	GA	GA	TT	AA
176	AA	GA	AA	AT	TA
177	AA	GA	AA	TT	AA
178	AA	AA	GA	TT	TA
179	AA	GA	AA	AT	TA
180	CA	AA	GA	TT	TA
181	AA	GA	GG	AT	AA
182	CA	GA	GA	AT	AA
183	AA	GG	GA	TT	AA
184	CA	GA	AA	AT	AA
185	AA	AA	AA	AT	AA
186	CA	AA	AA	AA	AA
187	CA	GG	GA	AT	AA
188	AA	GA	GA	AT	AA
189	CA	GA	AA	AA	TA
190	AA	AA	AA	AT	TA
191	CA	AA	GA	AT	TA
192	AA	GA	AA	TT	TA
193	CA	AA	GA	AT	TA
194	AA	GA	GG	TT	TA
195	AA	GA	GA	TT	AA
196	AA	AA	GA	AT	TA
197	AA	AA	AA	TT	AA
198	AA	AA	GA	TT	TA
199	AA	GA	GA	AT	TT
200	AA	AA	GA	TT	TA
201	CC	GG	AA	AT	AA
202	AA	AA	GA	AA	AA
203	CC	GA	GA	AT	AA
204	AA	GA	AA	AT	TA
205	AA	AA	AA	TT	TA
206	CA	GA	AA	AT	AA
207	AA	GG	AA	TT	TA
208	AA	GA	GA	AT	TA
209	CC	GA	AA	TT	TA
210	AA	AA	GA	TT	TA
211	AA	GG	GA	AT	TA
212	AA	GA	AA	TT	TA
213	AA	GA	GG	AA	AA
214	CA	GG	AA	TT	TT
215	AA	AA	GA	AT	TT
216	AA	GA	AA	TT	TA
217	AA	AA	AA	AT	TA
218	AA	GG	AA	TT	AA
219	CA	GA	AA	TT	TA
220	AA	GG	AA	TT	AA
221	AA	AA	AA	AT	TA
222	CA	AA	GA	AA	AA
223	CA	GA	GA	AT	TA
224	AA	AA	AA	AA	TA
225	AA	AA	GA	TT	AA
226	AA	AA	GA	TT	AA
227	AA	GA	GA	TT	TT
228	AA	AA	GA	TT	TA
229	CA	GA	AA	AT	TA
230	AA	GA	GA	AT	TA
231	AA	AA	GA	AT	TT
232	AA	GA	GA	TT	AA
233	CA	GA	AA	AT	AA
234	AA	AA	AA	AT	TT
235	AA	GA	AA	AT	TA
236	CA	GA	AA	AT	AA
237	CA	AA	GA	TT	AA
238	AA	AA	AA	TT	TA
239	CA	AA	GA	AT	AA
240	CA	AA	GG	AT	AA
241	AA	AA	AA	TT	TA
242	AA	AA	GA	TT	TA
243	AA	AA	GG	TT	TT
244	AA	GA	AA	AT	TA
245	AA	AA	GA	TT	AA
246	AA	GA	GA	TT	TA
247	CC	GA	GA	AT	TA
248	CC	AA	GG	AT	TA
249	AA	GA	GA	TT	TA
250	CA	AA	AA	TT	AA
251	AA	AA	AA	AT	AA
252	AA	GA	AA	TT	TA
253	AA	AA	AA	AT	TA
254	AA	AA	AA	AT	AA
255	AA	GG	GA	TT	TA
256	AA	AA	AA	AT	AA
257	CA	AA	GA	AA	TA
258	CA	GA	GG	AT	AA
259	CC	AA	GA	TT	TA
260	CA	AA	AA	AT	AA
261	AA	GA	AA	AT	AA
262	AA	AA	AA	AT	AA
263	AA	GG	GA	AT	AA
264	AA	AA	AA	TT	AA
265	AA	GG	GA	AA	AA
266	AA	AA	GG	AA	AA
267	AA	AA	GA	TT	TA
268	CA	AA	GA	TT	TA
269	AA	AA	AA	TT	TA
270	AA	GA	GA	AT	AA
271	AA	GA	AA	AT	TA
272	AA	GG	AA	AT	TT
273	AA	AA	AA	AT	AA
274	AA	AA	AA	AT	AA
275	CA	AA	GG	TT	AA
276	CA	GG	GA	TT	AA
277	CA	GG	GA	TT	AA
278	CA	AA	GA	AT	AA
279	AA	AA	AA	AT	TA
280	AA	AA	AA	TT	AA
281	AA	GA	GA	AT	TA
282	AA	GA	AA	AA	AA
283	CA	AA	GA	TT	TA
284	AA	GA	GA	AT	TT
285	CA	GA	GA	AT	TT
286	AA	AA	AA	TT	TA
287	CA	GA	GA	AT	TA
288	AA	GA	AA	TT	AA
289	CA	GA	AA	AT	TA
290	AA	AA	AA	TT	TA
291	CA	GA	AA	TT	AA
292	CA	AA	AA	TT	AA
293	AA	AA	AA	AT	AA
294	AA	GA	AA	AT	AA
295	CA	AA	AA	AT	TT
296	AA	AA	AA	AT	TA
297	AA	GA	AA	AA	TT
298	CA	AA	GA	TT	AA
299	AA	AA	AA	AT	TA
300	CA	GA	GG	AT	TT
301	AA	AA	GA	AT	TA
302	AA	AA	AA	TT	AA
303	AA	GA	AA	AT	TT
304	AA	AA	GA	TT	TA
305	AA	AA	AA	TT	AA
306	AA	GA	GA	TT	AA
307	CA	AA	GG	TT	TA
308	CA	AA	AA	TT	AA
309	CA	AA	GA	AT	TA
310	AA	AA	GA	TT	TA
311	CA	AA	GA	TT	AA
312	AA	GG	AA	AT	AA
313	AA	AA	AA	AA	AA
314	CA	GG	GA	AT	TA
315	CC	AA	GA	AT	AA
316	AA	GA	AA	TT	TT
317	AA	AA	AA	TT	AA
318	CA	AA	AA	AA	AA
319	CA	AA	GA	AT	AA
320	CA	GA	AA	TT	AA
321	AA	GA	AA	AT	AA
322	AA	AA	AA	AT	TA
323	AA	GA	GA	AT	AA
324	CA	AA	GA	AA	AA
325	AA	GA	AA	AT	TA
326	AA	AA	AA	TT	AA
327	CA	AA	GG	AA	TA
328	AA	AA	AA	AT	TA
329	AA	GA	GA	TT	TA
330	CC	AA	AA	AA	AA
331	AA	GA	AA	AT	TA
332	AA	AA	AA	AT	TA
333	AA	GA	GA	TT	AA
334	CA	GA	GA	TT	TA
335	AA	AA	GA	AT	AA
336	CA	AA	GG	AT	AA
337	CA	AA	GG	TT	AA
338	AA	GA	AA	TT	TA
339	CA	GA	GA	TT	AA
340	AA	GA	GA	TT	AA
341	CA	AA	GG	TT	AA
342	AA	GA	GA	AT	AA
343	CA	GA	AA	AA	TA
344	AA	GA	GA	TT	TA
345	AA	AA	GA	AT	AA
346	CA	GA	GA	AT	TA
347	CA	GA	GG	AT	TA
348	CC	GA	AA	TT	TA
349	AA	AA	AA	AT	AA
350	CA	GA	GA	AA	AA
351	CA	GA	GA	TT	AA
352	AA	AA	GA	TT	TA
353	CC	AA	AA	AT	TA
354	CA	AA	AA	TT	AA
355	CA	AA	AA	AT	AA
356	AA	GA	GG	AT	TA
357	AA	AA	GG	TT	AA
358	CA	GA	AA	AT	TA
359	AA	AA	AA	AA	AA
360	CA	AA	AA	TT	AA
361	CC	GA	GA	TT	AA
362	AA	GA	AA	AA	TA
363	AA	AA	AA	TT	AA
364	AA	GA	AA	AA	AA
365	AA	GA	AA	AT	AA
366	CA	AA	GA	TT	AA
367	AA	AA	AA	AT	TA
368	CA	AA	AA	AT	TA
369	AA	AA	GA	AT	AA
370	CA	GA	GA	TT	AA
371	AA	GA	GA	AT	TA
372	CA	GA	AA	TT	TA
373	CA	GG	GA	AT	AA
374	AA	GA	AA	TT	TA
375	CA	AA	GA	AT	AA
376	CA	GG	AA	AT	AA
377	AA	GA	GG	AT	AA
378	AA	GA	GA	TT	TA
379	CA	AA	AA	TT	AA
380	AA	AA	GG	TT	AA
381	AA	AA	GA	TT	AA
382	AA	AA	AA	TT	AA
383	CA	GA	GA	AT	TT
384	CA	AA	GA	TT	TA
385	AA	AA	GG	AT	TT
386	CA	GA	AA	TT	AA
387	CA	GA	AA	AT	TT
388	CC	GG	AA	AT	AA
389	AA	AA	AA	AT	AA
390	AA	GG	AA	AA	TA
391	CA	AA	AA	AT	AA
392	CA	AA	GA	TT	AA
393	AA	AA	GA	TT	TA
394	CA	GA	AA	AT	TA
395	CC	GG	GA	AT	AA
396	CA	GA	AA	TT	AA
397	AA	AA	AA	AT	AA
398	AA	GA	AA	AT	TA
399	CA	AA	AA	AA	TA
400	CA	AA	AA	AT	AA
401	AA	GA	GA	TT	AA
402	CA	AA	GA	AT	TA
403	CC	GA	GG	AT	TA
404	AA	GA	GA	TT	TA
405	AA	GA	AA	AT	TT
406	CA	GA	AA	AA	TA
407	AA	AA	GA	AA	AA
408	CA	AA	AA	TT	AA
409	CA	GG	AA	AT	AA
410	CC	AA	AA	AT	AA
411	AA	GG	GA	TT	AA
412	CA	GA	AA	TT	TT
413	AA	GA	AA	TT	TA
414	AA	GA	AA	AT	TA
415	CC	AA	GA	TT	TA
416	AA	AA	AA	AT	TA
417	AA	GA	AA	TT	TA
418	CA	AA	AA	AT	AA
419	CA	GA	AA	AT	TA
420	AA	AA	GA	AT	TA
421	AA	GA	AA	TT	TA
422	CA	AA	GA	TT	AA
423	AA	GA	GA	AT	TT
424	CA	AA	GA	TT	AA
425	AA	GA	GA	AA	AA
426	CA	GA	AA	TT	TA
427	CA	AA	AA	TT	TA
428	CA	AA	GA	AT	TA
429	AA	AA	GA	AA	AA
430	AA	AA	AA	AT	AA
431	CC	AA	AA	AT	AA
432	CA	AA	GA	AT	TT
433	AA	AA	AA	TT	TA
434	AA	GA	AA	AT	AA
435	CC	AA	AA	AT	TT
436	AA	AA	AA	AT	AA
437	AA	GG	GA	TT	AA
438	AA	AA	AA	AT	AA
439	AA	AA	AA	TT	AA
440	CA	GA	GG	TT	TA
441	AA	AA	AA	AT	TA
442	AA	AA	AA	TT	TA
443	AA	GG	AA	TT	AA
444	AA	GA	GA	AT	TT
445	AA	GA	AA	AA	AA
446	AA	GG	AA	TT	TA
447	CA	GA	AA	AT	AA
448	CA	GA	GA	AT	TA
449	CA	AA	GG	AA	AA
450	AA	AA	GA	TT	TA
451	CA	AA	GG	TT	AA
452	CA	GA	AA	TT	AA
453	CA	AA	AA	TT	AA
454	CA	GA	GA	TT	AA
455	CA	AA	GA	TT	TA
456	AA	GA	AA	AT	AA
457	CA	AA	AA	TT	TA
458	AA	AA	GG	TT	AA
459	CA	GG	AA	AT	AA
460	AA	GA	AA	AT	AA
461	CA	AA	GA	TT	AA
462	CA	AA	AA	AT	AA
463	AA	AA	GA	TT	AA
464	CA	AA	GA	AT	TA
465	AA	GA	AA	TT	AA
466	CA	GA	AA	AT	TA
467	AA	GA	GA	AT	TA
468	AA	AA	GA	AT	AA
469	AA	GA	AA	TT	TT
470	CC	GA	GA	AT	AA
471	AA	GA	GA	AT	TT
472	CA	AA	GA	TT	TA
473	CA	AA	GA	AT	TA
474	CA	AA	GA	AT	AA
475	CA	GA	AA	AT	TA
476	AA	AA	AA	TT	TA
477	CA	GA	GA	AT	TA
478	CA	GA	GA	TT	TA
479	CA	AA	GA	TT	AA
480	AA	GA	AA	AT	TA
481	AA	AA	AA	AA	AA
482	CC	GG	GA	TT	AA
483	CA	AA	GG	TT	AA
484	CA	GA	GA	AT	TT
485	CA	AA	AA	AT	TA
486	AA	GG	GG	AT	AA
487	CA	GG	AA	TT	AA
488	AA	GA	GA	AT	AA
489	CA	GA	AA	TT	TT
490	CA	AA	AA	TT	AA
491	AA	GA	GA	TT	AA
492	AA	AA	GG	AT	TA
493	AA	AA	AA	AA	TA
494	AA	GG	AA	AT	AA
495	CC	GA	AA	TT	TA
496	AA	GA	GA	AT	AA
497	CA	AA	AA	TT	TT
498	AA	AA	GA	TT	AA
499	AA	GG	GA	TT	AA
500	AA	AA	GA	TT	TA
501	AA	GA	AA	TT	AA
502	AA	GA	GA	AT	TA
503	AA	AA	AA	AT	AA
504	CA	AA	GA	AT	AA
505	CA	GA	AA	TT	TA
506	CC	AA	AA	AT	TA
507	AA	AA	AA	TT	TA
508	CA	AA	AA	AT	AA
509	CA	AA	AA	AT	AA
510	AA	AA	GA	AT	AA
511	CA	AA	AA	TT	TA
512	CC	AA	GA	TT	AA
513	CA	AA	GA	AT	AA
514	CA	GG	GA	AT	TT
515	AA	AA	GA	TT	TA
516	AA	GA	GA	AT	TT
517	AA	AA	AA	TT	TA
518	CA	GA	GA	AT	AA
519	CC	AA	AA	AT	TA
520	AA	GA	AA	AT	TA
521	CA	AA	AA	TT	TA
522	CA	AA	GA	TT	AA
523	AA	AA	GA	TT	AA
524	CA	GA	AA	AT	TA
525	AA	AA	AA	TT	TT
526	AA	AA	AA	AT	AA
527	AA	GG	GA	TT	AA
528	CC	AA	GA	AT	AA
529	AA	AA	GA	TT	AA
530	CA	AA	AA	AT	TA
531	AA	AA	GG	AA	AA
532	AA	GA	AA	AT	TA
533	CA	AA	AA	AT	TA
534	CA	AA	AA	AT	TA
535	AA	AA	AA	AT	TA
536	AA	AA	AA	AT	AA
537	AA	AA	GA	AT	AA
538	CA	GA	AA	TT	AA
539	CC	AA	AA	AT	TA
540	CC	GA	AA	TT	TA
541	AA	AA	AA	TT	TA
542	AA	GA	AA	TT	TA
543	CA	AA	GG	AT	AA
544	CA	AA	GA	TT	TA
545	AA	GA	GA	TT	TA
546	CA	AA	GA	TT	TA
547	AA	GA	GG	TT	AA
548	AA	GA	GA	AT	TA
549	CA	GA	AA	TT	TA
550	AA	AA	GA	AT	TA
551	AA	GA	GA	AT	TA
552	CA	GA	AA	AT	TA
553	AA	AA	GA	TT	TA
554	CA	GA	GA	TT	TA
555	CA	GA	GA	AT	AA
556	AA	AA	GA	AT	TA
557	AA	GA	GA	TT	TA
558	CA	GA	AA	TT	AA
559	CA	AA	GA	TT	AA
560	CA	GG	AA	TT	AA
561	AA	GA	GA	AA	TA
562	CA	GA	GA	TT	AA
563	AA	AA	GA	TT	TA
564	CA	GA	AA	AT	TA
565	AA	GA	AA	AT	AA
566	AA	AA	AA	AT	TA
567	CA	GG	GA	TT	TA
568	CA	AA	GA	AT	AA
569	CA	AA	AA	TT	TA
570	CA	AA	AA	AT	AA
571	CA	AA	GA	AT	TA
572	AA	AA	AA	TT	TA
573	CA	AA	GG	AT	TA
574	CA	GA	AA	TT	AA
575	CA	AA	GA	AT	TA
576	CA	GG	AA	AA	AA
577	CC	GA	AA	TT	AA
578	CA	AA	AA	TT	AA
579	AA	GA	AA	TT	AA
580	CA	GA	AA	AT	AA
581	AA	GA	AA	TT	TT
582	CA	AA	GA	AT	TA
583	CA	GA	GG	TT	TA
584	AA	AA	GA	TT	TT
585	AA	AA	GG	TT	AA
586	CA	AA	GA	AT	TA
587	AA	AA	GA	AA	TA
588	CA	AA	AA	TT	AA
589	AA	AA	GA	TT	TA
590	AA	GA	GG	AT	AA
591	CC	GA	GA	AT	AA
592	CA	AA	AA	AT	AA
593	CC	AA	AA	AT	TA
594	AA	GG	GA	TT	TA
595	CA	AA	GA	AT	TA
596	AA	GA	GA	TT	TA
597	CA	GG	AA	AT	AA
598	AA	GA	AA	AA	AA
599	CA	GA	AA	AT	TT
600	AA	AA	AA	AT	AA
601	AA	AA	AA	TT	TA
602	AA	AA	GA	AA	TA
603	CA	AA	GA	AT	TA
604	CA	GA	AA	TT	TT
605	AA	GA	AA	TT	AA
606	AA	GA	AA	AA	AA
607	CA	AA	GA	AA	TA
608	AA	GA	GA	AA	AA
609	CA	GA	GA	TT	AA
610	CA	GA	GA	AT	AA
611	AA	GA	AA	TT	TA
612	CA	AA	GA	TT	TA
613	AA	AA	GA	TT	TA
614	CA	AA	AA	AT	AA
615	AA	AA	GA	AT	TT
616	AA	GG	GA	AT	TA
617	CA	GA	GA	TT	AA
618	CA	GG	AA	TT	TT
619	AA	AA	AA	TT	AA
620	CC	AA	GA	TT	TA
621	AA	AA	AA	AT	TA
622	CA	AA	AA	TT	TA
623	CA	AA	AA	AT	TA
624	CA	GG	AA	TT	TA
625	AA	AA	AA	AA	AA
626	CA	GA	GG	AT	TA
627	CA	GA	AA	TT	TA
628	CA	AA	AA	TT	AA
629	AA	AA	GA	AT	TT
630	AA	GA	AA	TT	AA
631	CA	AA	AA	AT	AA
632	AA	GA	AA	TT	TA
633	CA	GA	GA	AT	AA
634	AA	AA	GA	TT	AA
635	CA	GA	GA	TT	AA
636	CA	GA	GA	AT	TA
637	AA	GA	AA	AT	TA
638	CC	GA	GG	TT	AA
639	AA	GA	AA	TT	TA
640	AA	AA	AA	TT	AA
641	CA	GA	AA	TT	AA
642	CA	GA	AA	TT	TT
643	CA	AA	GA	AT	TA
644	CC	AA	AA	AT	AA
645	CA	GA	GA	TT	TT
646	CA	GA	AA	AT	AA
647	CC	GA	AA	TT	TA
648	AA	AA	AA	TT	TA
649	AA	GG	AA	TT	TT
650	CC	GA	AA	TT	TA
651	AA	GG	GA	TT	AA
652	CA	GA	AA	AT	TA
653	CA	AA	AA	TT	AA
654	AA	GG	AA	AA	AA
655	AA	GA	AA	AT	TA
656	AA	GA	AA	TT	AA
657	CA	GA	GG	AT	TT
658	AA	AA	AA	TT	TA
659	AA	GG	AA	AT	TA
660	AA	GA	GA	TT	TA
661	AA	GA	AA	AT	TA
662	AA	AA	GA	TT	TA
663	AA	GA	GA	TT	AA
664	CA	GA	GG	AT	TA
665	CA	GA	AA	TT	TA
666	CA	AA	AA	AT	AA
667	CA	AA	AA	AT	AA
668	CA	AA	GA	TT	AA
669	CA	GA	GA	AT	AA
670	AA	AA	GA	AT	AA
671	CA	GA	GG	TT	TT
672	CA	AA	GA	AT	TA
673	AA	GA	AA	TT	AA
674	AA	AA	GA	TT	TA
675	AA	AA	GA	AT	TT
676	CA	AA	AA	TT	TA
677	AA	AA	AA	TT	AA
678	AA	GG	AA	AT	AA
679	CA	GA	AA	AT	AA
680	AA	GA	AA	TT	AA
681	CA	AA	GA	AT	TA
682	CA	GA	GG	AT	AA
683	CC	AA	GG	TT	AA
684	CA	GA	GA	TT	TA
685	CA	AA	AA	TT	AA
686	CA	AA	AA	TT	TA
687	AA	AA	AA	TT	TA
688	AA	AA	GA	AT	TA
689	CA	AA	GA	AT	TA
690	CC	GA	GA	AT	AA
691	AA	GA	GG	TT	AA
692	CA	GG	AA	AT	TA
693	AA	GA	AA	AT	TA
694	CA	AA	GA	TT	AA
695	CA	GA	GA	TT	TA
696	CC	AA	GA	TT	TA
697	AA	GA	AA	TT	AA
698	CA	GA	GA	AT	AA
699	CC	AA	GA	TT	AA
700	AA	GA	GA	AT	AA
701	AA	GA	GG	TT	AA
702	CA	GA	AA	AT	AA
703	CA	AA	GG	TT	AA
704	AA	GA	GA	TT	AA
705	CA	GA	AA	TT	AA
706	CA	GA	GA	AT	AA
707	CC	GG	AA	AT	TA
708	AA	AA	GA	AT	TA
709	CA	AA	AA	AT	AA
710	CA	AA	GA	AT	TA
711	CA	GA	GA	TT	TA
712	AA	AA	GA	TT	AA
713	AA	GA	AA	TT	AA
714	AA	AA	GA	TT	TA
715	CA	GA	GA	TT	AA
716	CA	AA	GA	TT	AA
717	CA	GA	GA	AA	AA
718	AA	AA	GG	AA	AA
719	CA	GA	GA	TT	AA
720	CA	GA	AA	TT	TA
721	CA	AA	AA	TT	TA
722	AA	AA	AA	TT	TA
723	CA	GA	GA	AT	AA
724	AA	GA	AA	AA	TA
725	AA	AA	GA	AT	TT
726	AA	GA	AA	AA	TA
727	AA	GA	GA	TT	TT
728	AA	GA	GA	TT	TA
729	AA	GA	AA	AT	TA
730	AA	GA	AA	AT	AA
731	CA	AA	GA	AA	AA
732	CA	AA	GA	AT	AA
733	AA	AA	GA	AT	AA
734	AA	GA	GA	AT	TA
735	CC	AA	GA	AT	AA
736	AA	AA	GA	TT	AA
737	CC	GA	GG	AT	TT
738	AA	GA	AA	TT	AA
739	CA	GG	AA	TT	TA
740	AA	GA	GA	TT	TA
741	AA	GG	AA	AT	AA
742	AA	AA	AA	TT	AA
743	CA	AA	GA	AT	AA
744	CA	GA	GA	AA	TA
745	CA	GA	GA	AT	TA
746	AA	AA	GA	AT	TA
747	AA	GG	GA	AT	TA
748	AA	GG	GA	TT	AA
749	CA	GA	AA	AA	TT
750	AA	GA	AA	AT	AA
751	CA	GA	AA	TT	AA
752	AA	GA	AA	AT	AA
753	AA	AA	AA	AT	TA
754	AA	AA	GA	AT	AA
755	CA	AA	AA	AT	AA
756	CA	AA	AA	AT	TA
757	AA	GA	GA	TT	AA
758	CA	AA	AA	AT	TA
759	CC	AA	AA	AT	AA
760	CC	GA	GA	TT	AA
761	AA	AA	GA	AT	TA
762	AA	GG	GG	AT	TT
763	CA	AA	AA	TT	AA
764	CA	AA	GA	AT	TA
765	CA	AA	AA	TT	TT
766	AA	GA	AA	AT	TA
767	CA	AA	GA	AT	AA
768	CA	AA	AA	TT	TA
769	AA	GA	AA	TT	TA
770	AA	AA	GA	AT	TT
771	CA	GA	GA	TT	TA
772	AA	GG	GA	TT	TT
773	CA	GA	GG	AT	TA
774	CA	AA	AA	TT	AA
775	AA	AA	GA	AT	AA
776	CA	GA	AA	AT	AA
777	AA	GA	AA	TT	AA
778	CA	AA	GG	AT	AA
779	AA	GA	AA	TT	TT
780	CA	GA	AA	AT	TA
781	CA	GA	GA	AT	AA
782	CA	AA	AA	AT	TA
783	CA	AA	GA	TT	TA
784	CA	AA	AA	AT	TA
785	CC	AA	GA	AT	TA
786	CA	GA	GA	TT	AA
787	AA	AA	GA	TT	TA
788	CA	GG	GG	AT	TA
789	CA	AA	GA	AT	AA
790	AA	GG	GA	AA	AA
791	AA	AA	GA	AT	TA
792	CA	GA	AA	AT	AA
793	CA	AA	AA	AT	AA
794	AA	GA	GG	AT	AA
795	CA	AA	GA	AT	TA
796	CA	AA	GA	TT	AA
797	CC	GA	GG	TT	TA
798	CC	GG	GA	AA	AA
799	CA	GA	GA	AT	TA
800	CA	GA	AA	TT	TA
801	CC	AA	GA	AT	TA
802	AA	GA	AA	TT	TA
803	AA	GA	AA	TT	TA
804	CA	GA	AA	TT	AA
805	AA	AA	AA	TT	TA
806	AA	AA	GA	AT	TA
807	CC	GA	GA	AT	AA
808	CC	GA	GG	AT	AA
809	CA	GA	GG	AT	AA
810	CA	GA	GA	TT	AA
811	CC	GA	AA	AT	AA
812	AA	AA	AA	AA	AA
813	AA	AA	GA	TT	TA
814	AA	GA	AA	TT	TA
815	AA	GG	AA	TT	AA
816	AA	GA	GA	AA	TA
817	CC	GA	GA	AT	AA
818	CA	AA	AA	TT	TA
819	CA	GA	AA	AA	AA
820	CA	GA	GA	TT	TA
821	AA	GA	GG	TT	TA
822	CA	AA	GA	TT	TA
823	AA	GA	AA	AT	AA
824	AA	AA	GA	TT	AA
825	AA	GA	GA	AT	AA
826	AA	AA	GA	TT	TT
827	CA	GA	AA	TT	TA
828	CA	GA	AA	TT	AA
829	AA	AA	AA	AA	AA
830	CA	AA	AA	TT	TA
831	AA	AA	GA	AT	TA
832	AA	AA	GA	AT	AA
833	CA	GA	AA	AT	TA
834	AA	AA	GA	AT	TA
835	AA	GA	GA	TT	TA
836	AA	AA	GA	AT	AA
837	CA	GA	GA	TT	AA
838	CA	AA	AA	AT	TA
839	AA	AA	AA	AT	AA
840	CA	GA	GA	AT	AA
841	CA	GA	AA	AT	AA
842	CA	AA	AA	AT	AA
843	CA	AA	GA	TT	AA
844	CA	GA	GA	AT	AA
845	CA	AA	AA	TT	AA
846	CA	AA	AA	TT	AA
847	AA	GA	GA	AT	AA
848	AA	AA	GA	AT	TA
849	AA	GA	AA	TT	AA
850	AA	AA	GG	TT	TA
851	AA	GA	AA	TT	TT
852	AA	AA	AA	AT	TA
853	AA	AA	AA	TT	AA
854	AA	GA	GG	TT	AA
855	AA	GA	GG	TT	TA
856	CA	GA	AA	AT	AA
857	CA	GA	GA	AT	TA
858	CA	GG	AA	AT	TA
859	AA	GA	GA	TT	AA
860	CA	AA	AA	TT	TA
861	AA	GA	AA	AA	AA
862	CA	GG	GA	AA	AA
863	AA	AA	AA	AT	TT
864	CA	AA	GA	AT	TA
865	AA	GG	GA	AT	AA
866	AA	AA	AA	AT	TA
867	AA	GA	AA	AT	TA
868	AA	GA	GA	TT	TT
869	AA	AA	AA	AT	TA
870	CA	AA	AA	TT	AA
871	CA	GA	AA	AT	TT
872	CA	GG	AA	TT	AA
873	AA	GA	GA	TT	TA
874	CC	GA	GA	TT	AA
875	CA	GA	GA	AA	AA
876	AA	AA	AA	AT	AA
877	CA	AA	GG	AT	AA
878	CA	GA	AA	TT	TA
879	CC	AA	GA	TT	AA
880	AA	GA	GG	AT	TA
881	CC	GG	AA	AT	TA
882	CA	AA	GG	TT	TT
883	AA	GA	GA	AT	AA
884	CA	GG	GG	TT	TA
885	CA	GA	GA	TT	TA
886	AA	GA	GA	TT	TA
887	CA	AA	AA	AT	TT
888	AA	GG	GA	TT	AA
889	AA	GA	GA	AT	AA
890	AA	GA	AA	TT	TA
891	AA	GA	GA	TT	AA
892	CA	AA	AA	TT	AA
893	CA	GG	GA	TT	TA
894	CA	AA	GA	TT	AA
895	AA	GA	AA	TT	AA
896	AA	GA	AA	TT	AA
897	AA	GA	GA	TT	AA
898	AA	AA	AA	TT	AA
899	AA	AA	GA	AT	TT
900	CA	GA	GA	TT	AA
901	AA	AA	AA	AT	TA
902	CA	GA	GG	TT	TA
903	CC	AA	AA	AA	AA
904	CC	GA	AA	TT	AA
905	AA	AA	GA	TT	AA
906	CA	AA	GA	TT	AA
907	CA	GA	GG	AT	TA
908	AA	AA	GA	AT	TA
909	AA	AA	GA	TT	AA
910	AA	GA	AA	AT	AA
911	CA	AA	GA	AT	TA
912	AA	AA	GA	AT	AA
913	AA	GA	AA	AT	TT
914	AA	AA	AA	TT	TT
915	AA	GA	GA	AT	TA
916	CA	GG	AA	AT	AA
917	AA	GA	AA	AT	AA
918	CA	AA	AA	TT	TA
919	CA	GA	GA	TT	AA
920	CA	GG	AA	AT	AA
921	CA	AA	GA	AT	TA
922	AA	AA	GA	TT	TA
923	AA	AA	GA	AA	AA
924	AA	GG	AA	TT	TA
925	AA	AA	GA	AT	AA
926	AA	AA	GA	AT	AA
927	CA	AA	AA	TT	AA
928	AA	AA	GA	TT	TA
929	CA	AA	GA	AT	TT
930	AA	GA	AA	AT	AA
931	CC	GA	GA	TT	TA
932	CA	GA	GA	AT	AA
933	AA	GA	AA	TT	TA
934	CA	GA	GA	AT	AA
935	CA	AA	AA	AT	AA
936	CA	GG	AA	AT	AA
937	CC	AA	GA	TT	AA
938	AA	GA	GA	TT	TA
939	AA	GA	GA	TT	TT
940	CC	GA	AA	TT	TA
941	AA	GA	GA	TT	AA
942	CA	AA	AA	AT	TA
943	AA	AA	AA	TT	TA
944	AA	GA	GG	AT	AA
945	AA	AA	GA	TT	AA
946	CC	GA	GA	TT	TA
947	AA	AA	GA	AT	TA
948	CA	AA	AA	TT	TA
949	CA	GA	GG	AT	TT
950	AA	AA	GA	AT	AA
951	CA	AA	GA	TT	AA
952	AA	GA	GA	TT	TA
953	AA	GA	GA	TT	TT
954	CA	AA	GA	AA	TT
955	AA	GA	AA	TT	TT
956	CC	GG	GG	AT	AA
957	CA	GA	GG	AA	TT
958	AA	GG	AA	TT	AA
959	AA	AA	GA	AT	AA
960	AA	GA	GA	AT	AA
961	AA	AA	GA	TT	TA
962	AA	GA	AA	AT	TA
963	AA	AA	GA	AA	TA
964	CA	GG	GA	AT	TA
965	CC	GA	AA	AA	TA
966	AA	AA	GA	TT	TA
967	AA	GG	GG	AT	TA
968	CA	GA	GA	AT	AA
969	CA	AA	AA	AT	TA
970	AA	GA	AA	TT	AA
971	AA	GA	AA	AA	TA
972	AA	AA	GA	TT	TA
973	CA	AA	GA	TT	AA
974	AA	AA	AA	AT	TA
975	CA	GA	AA	AT	AA
976	AA	AA	AA	TT	AA
977	AA	AA	GA	TT	TA
978	AA	AA	GA	TT	AA
979	CA	GA	GA	TT	AA
980	CC	GA	AA	TT	AA
981	CA	AA	GA	AT	AA
982	AA	GA	GA	AT	TA
983	CA	AA	AA	AT	AA
984	AA	GA	GG	TT	TA
985	CA	AA	AA	AT	TA
986	AA	AA	AA	AT	AA
987	CA	GA	AA	TT	TA
988	CA	GA	GG	AT	TA
989	CC	AA	AA	TT	AA
990	AA	GA	AA	AT	AA
991	CA	AA	AA	AT	TA
992	AA	GA	AA	AA	TA
993	CA	GA	AA	AT	TA
994	CA	GA	GG	TT	TT
995	CA	GA	AA	TT	AA
996	AA	AA	GA	TT	TA
997	CA	AA	AA	AT	AA
998	CA	GA	GG	TT	AA
999	AA	GA	GA	AT	TA
1000	AA	GA	GA	AT	TA